/*
SQLyog Ultimate v12.5.1 (32 bit)
MySQL - 10.6.2-MariaDB-1:10.6.2+maria~focal : Database - db_absent_pkj
*********************************************************************
*/

/*!40101 SET NAMES utf8 */;

/*!40101 SET SQL_MODE=''*/;

/*!40014 SET @OLD_UNIQUE_CHECKS=@@UNIQUE_CHECKS, UNIQUE_CHECKS=0 */;
/*!40101 SET @OLD_SQL_MODE=@@SQL_MODE, SQL_MODE='NO_AUTO_VALUE_ON_ZERO' */;
/*!40111 SET @OLD_SQL_NOTES=@@SQL_NOTES, SQL_NOTES=0 */;
/*Table structure for table `absent` */

DROP TABLE IF EXISTS `absent`;

CREATE TABLE `absent` (
  `id_absent` int(11) NOT NULL AUTO_INCREMENT,
  `absent_nip` varchar(255) DEFAULT NULL,
  `attendance_entry` time DEFAULT NULL,
  `attendance_return` time DEFAULT NULL,
  `location_entry` varchar(255) DEFAULT NULL,
  `location_return` varchar(255) DEFAULT NULL,
  `status` varchar(50) DEFAULT '1',
  `absen_ket` varchar(255) DEFAULT '1',
  `status_absen_masuk` varchar(255) DEFAULT '1',
  `status_absen_keluar` varchar(255) DEFAULT '10',
  `created_by` varchar(255) DEFAULT NULL,
  `updated_date` date DEFAULT NULL,
  PRIMARY KEY (`id_absent`)
) ENGINE=InnoDB AUTO_INCREMENT=42 DEFAULT CHARSET=latin1;

/*Data for the table `absent` */

insert  into `absent`(`id_absent`,`absent_nip`,`attendance_entry`,`attendance_return`,`location_entry`,`location_return`,`status`,`absen_ket`,`status_absen_masuk`,`status_absen_keluar`,`created_by`,`updated_date`) values 
(4,'197605312007012010','11:00:01',NULL,'',NULL,'1','1',NULL,NULL,'62','2022-09-20'),
(5,'197810282010121001','12:06:26','17:29:07','','','2','1',NULL,NULL,'12','2022-09-20'),
(6,'197810282010121001','18:25:52','18:28:31','-6.2114,106.8446','-6.2114,106.8446','2','1',NULL,NULL,'12','2022-09-21'),
(9,'102','21:17:06',NULL,'-6.3099493,106.8749922',NULL,'1','1',NULL,NULL,'2','2022-09-21'),
(11,'197810282010121001','09:29:42','16:39:16','-6.2114,106.8446','-6.301819480650347,106.79869547270167','2','1',NULL,NULL,'12','2022-09-22'),
(12,'199005022015032004','10:50:36',NULL,'',NULL,'1','1',NULL,NULL,'8','2022-09-22'),
(13,'102','16:17:51','22:47:48','-6.301426,106.7987968','-6.3098844,106.8750832','2','1',NULL,NULL,'2','2022-09-22'),
(14,'102','07:55:48',NULL,'-6.3015342,106.7989582',NULL,'1','1',NULL,NULL,'2','2022-09-23'),
(15,'103','09:24:08','17:49:12','-6.3014194,106.7988004','-6.3012381,106.7988823','2','1',NULL,NULL,'163','2022-09-23'),
(16,'197810282010121001','17:14:13','18:09:31','-6.301814944605798,106.79872627636124','-6.301816252769869,106.79871739642952','2','1',NULL,NULL,'12','2022-09-23'),
(17,'103','18:50:26','20:12:49','-6.309889,106.8750832','-6.3098932,106.8750944','2','1',NULL,NULL,'163','2022-09-24'),
(19,'103','07:43:36',NULL,'-6.3012375,106.7988778',NULL,'1','1',NULL,NULL,'163','2022-09-25'),
(20,'103','08:28:13','15:26:27','-6.3014123,106.7987932','-6.301413,106.7987958','2','1',NULL,NULL,'163','2022-09-26'),
(21,'197810282010121001','08:51:22','16:09:42','-6.301814599811294,106.79873975815212','-6.301814944605798,106.79872627636124','2','1',NULL,NULL,'12','2022-09-26'),
(22,'199312122022032005','13:58:53',NULL,'-6.3018244864927615,106.79870204833354',NULL,'1','1',NULL,NULL,'9','2022-09-26'),
(23,'103','08:41:15','16:02:29','-6.3025417,106.7991715','-6.3014177,106.7987963','2','1',NULL,NULL,'163','2022-09-27'),
(24,'197807062012122001','12:30:49',NULL,'-6.3014223,106.7988001',NULL,'1','1',NULL,NULL,'7','2022-09-27'),
(25,'197810282010121001','07:42:26',NULL,'-6.301815171440533,106.79872604952651',NULL,'1','1',NULL,NULL,'12','2022-09-28'),
(26,'103','08:34:12','16:13:38','-6.3014173,106.7987913','-6.30142,106.7987972','2','1',NULL,NULL,'163','2022-09-28'),
(27,'102','11:54:52','16:12:16','-6.3014668,106.7988616','-6.30142,106.7987972','2','3',NULL,NULL,'2','2022-09-28'),
(28,'103','09:09:53',NULL,'-6.3014196,106.798798',NULL,'1','3',NULL,NULL,'163','2022-09-29'),
(29,'103','10:04:46',NULL,'-6.3014201,106.7987992',NULL,'1','3',NULL,NULL,'198','2022-09-30'),
(30,'197810282010121001','09:26:09',NULL,'-6.3013409,106.7987848',NULL,'1','3',NULL,NULL,'13','2022-10-03'),
(31,'103','10:34:45',NULL,'-6.3014256,106.7988023',NULL,'1','3',NULL,NULL,'198','2022-10-03'),
(38,'103','14:04:02','14:45:12','-6.3014752,106.7989511',NULL,'2','3','2','1','198','2022-10-04'),
(40,'197810282010121001','06:37:54',NULL,'-6.228429,106.9073226',NULL,'1','1','2','10','13','2022-10-05'),
(41,'197810282010121001','10:32:36',NULL,'-6.301784870764227,106.7987868242999',NULL,'1','3','1','10','13','2022-10-06');

/*Table structure for table `daily_job` */

DROP TABLE IF EXISTS `daily_job`;

CREATE TABLE `daily_job` (
  `id_job` int(11) NOT NULL AUTO_INCREMENT,
  `id_absent` int(11) DEFAULT NULL,
  `job_nip` varchar(255) DEFAULT NULL,
  `job_desc` longtext DEFAULT NULL,
  `doc_file` text DEFAULT NULL,
  `doc_file_ket` text DEFAULT NULL,
  `status_jaringan_keluar` varchar(255) DEFAULT NULL,
  `created_by` varchar(255) DEFAULT NULL,
  `updated_date` date DEFAULT NULL,
  PRIMARY KEY (`id_job`)
) ENGINE=InnoDB AUTO_INCREMENT=36 DEFAULT CHARSET=latin1;

/*Data for the table `daily_job` */

insert  into `daily_job`(`id_job`,`id_absent`,`job_nip`,`job_desc`,`doc_file`,`doc_file_ket`,`status_jaringan_keluar`,`created_by`,`updated_date`) values 
(5,4,'197605312007012010','<p>Zoom meeting&nbsp;</p>',NULL,NULL,NULL,'62','2022-09-20'),
(7,5,'197810282010121001','<p>Test</p>',NULL,NULL,NULL,'12','2022-09-20'),
(8,6,'197810282010121001','<p>fdsafdsafdsafdsa</p>',NULL,NULL,NULL,'12','2022-09-21'),
(9,8,'102','<p>Kegiatan Hari ini&nbsp;</p><p>Rabu</p>',NULL,NULL,NULL,'2','2022-09-21'),
(10,9,'102','<p>Masuk Kegiatan</p>',NULL,NULL,NULL,'2','2022-09-21'),
(12,13,'102','<p><span style=\"background-color: rgb(255 255 255 / var(--tw-bg-opacity));\">masukkk sakit yukk</span><br></p>',NULL,NULL,NULL,'2','2022-09-22'),
(13,11,'197810282010121001','<p>testestesffdfafdsfdsa</p>',NULL,NULL,NULL,'12','2022-09-22'),
(14,14,'102','<p>Melanjutkan pembuatan</p> \r\n<p>web absen pegawai poltekkes</p>',NULL,NULL,NULL,'2','2022-09-23'),
(15,15,'103','<p>Melanjutkan Pembuatan</p><p>Web Absen Pegawai</p>',NULL,NULL,NULL,'163','2022-09-23'),
(16,16,'197810282010121001','<p><br></p><p>test absensi pegawai</p>',NULL,NULL,NULL,'12','2022-09-23'),
(17,17,'103','<p>Membantu Acara LDKO Poltekkes</p>',NULL,NULL,NULL,'163','2022-09-24'),
(18,21,'197810282010121001','<p><span style=\"background-color: rgb(255 255 255 / var(--tw-bg-opacity));\">1. Mengoreksi UTS</span><br></p><p><span style=\"background-color: rgb(255 255 255 / var(--tw-bg-opacity));\">2.&nbsp;</span><span style=\"background-color: rgb(255 255 255 / var(--tw-bg-opacity));\">Membuat Modul Pembelajaran </span></p><p><span style=\"background-color: rgb(255 255 255 / var(--tw-bg-opacity));\">3.&nbsp;</span><span style=\"background-color: rgb(255 255 255 / var(--tw-bg-opacity));\">Meeting Online</span></p>',NULL,NULL,NULL,'12','2022-09-26'),
(20,20,'103','<p>Membuat Fungsi Increase Upload Size</p>',NULL,NULL,NULL,'163','2022-09-26'),
(21,22,'199312122022032005','<p>testts</p><p><br></p>',NULL,NULL,NULL,'9','2022-09-26'),
(22,23,'103','<p>Mencek Pada Perpus</p>',NULL,NULL,NULL,'163','2022-09-27'),
(23,24,'197807062012122001','<p>Test1</p>',NULL,NULL,NULL,'7','2022-09-27'),
(24,25,'197810282010121001','<p>tesssssss</p>',NULL,NULL,NULL,'12','2022-09-28'),
(25,27,'102','28 09 Masuk',NULL,NULL,NULL,'2','2022-09-28'),
(26,26,'103','<p>Masuk 28</p>',NULL,NULL,NULL,'163','2022-09-28'),
(27,28,'103','<p>Melanjutkan 29</p>',NULL,NULL,NULL,'163','2022-09-29'),
(28,29,'103','<p>Membuat Privilage Petinggi</p>',NULL,NULL,NULL,'198','2022-09-30'),
(29,31,'103','<p>Kegiatan Hari Ini</p><p>1.&nbsp;</p><p>2.&nbsp;</p><p>3.&nbsp;</p>',NULL,NULL,NULL,'198','2022-10-03'),
(30,30,'197810282010121001','<p>fgdsgdsfgfdagfda</p>',NULL,NULL,NULL,'13','2022-10-03'),
(33,38,'103','<p>Kegiatan 4 Oktober</p>',NULL,NULL,'2','198','2022-10-04'),
(34,40,'197810282010121001','<p>DL</p>',NULL,NULL,NULL,'13','2022-10-05'),
(35,41,'197810282010121001','<p>test</p>',NULL,NULL,NULL,'13','2022-10-06');

/*Table structure for table `document` */

DROP TABLE IF EXISTS `document`;

CREATE TABLE `document` (
  `id_doc` int(11) NOT NULL AUTO_INCREMENT,
  `id_job` int(11) DEFAULT NULL,
  `doc_nip` varchar(255) DEFAULT NULL,
  `doc_file_ket` text DEFAULT NULL,
  `created_by` varchar(255) DEFAULT NULL,
  `updated_date` date DEFAULT NULL,
  PRIMARY KEY (`id_doc`)
) ENGINE=InnoDB AUTO_INCREMENT=11 DEFAULT CHARSET=latin1;

/*Data for the table `document` */

insert  into `document`(`id_doc`,`id_job`,`doc_nip`,`doc_file_ket`,`created_by`,`updated_date`) values 
(4,12,'102','upload/surat/2022/09/1663838313_632c28692e549.pdf','2','2022-09-22'),
(5,12,'102','upload/surat/2022/09/1663838313_632c286931783.pdf','2','2022-09-22'),
(7,18,'197810282010121001','upload/surat/2022/09/1664165920_6331281f9a57f.pdf','12','2022-09-26'),
(8,20,'103','upload/surat/2022/09/1664173420_6331456c5b692.pdf','163','2022-09-26'),
(9,18,'197810282010121001','upload/surat/2022/09/1664174208_6331487fd49cc.pdf','12','2022-09-26'),
(10,34,'197810282010121001','upload/surat/2022/10/1664926756_633cc423960f5.pdf','13','2022-10-05');

/*Table structure for table `foto_kegiatan` */

DROP TABLE IF EXISTS `foto_kegiatan`;

CREATE TABLE `foto_kegiatan` (
  `id_foto` int(11) NOT NULL AUTO_INCREMENT,
  `id_job` int(11) DEFAULT NULL,
  `foto_nip` varchar(255) DEFAULT NULL,
  `foto_file` text DEFAULT NULL,
  `created_by` varchar(50) DEFAULT NULL,
  `updated_date` date DEFAULT NULL,
  PRIMARY KEY (`id_foto`)
) ENGINE=InnoDB AUTO_INCREMENT=28 DEFAULT CHARSET=latin1;

/*Data for the table `foto_kegiatan` */

insert  into `foto_kegiatan`(`id_foto`,`id_job`,`foto_nip`,`foto_file`,`created_by`,`updated_date`) values 
(5,5,'197605312007012010','upload/foto/2022/09/1663646829_63293c6d4a824.jpg','62','2022-09-20'),
(7,7,'197810282010121001','upload/foto/2022/09/1663669714_632995d278a7f.jpg','12','2022-09-20'),
(9,8,'197810282010121001','upload/foto/2022/09/1663759665_632af530e64bf.jpg','12','2022-09-21'),
(11,12,'102','upload/foto/2022/09/1663838313_632c2869173dc.jpg','2','2022-09-22'),
(13,13,'197810282010121001','upload/foto/2022/09/1663839521_632c2d20ca999.jpg','12','2022-09-22'),
(14,15,'103','upload/foto/2022/09/1663914263_632d511758250.jpeg','163','2022-09-23'),
(16,16,'197810282010121001','upload/foto/2022/09/1663928773_632d89c4cb613.jpg','12','2022-09-23'),
(17,18,'197810282010121001','upload/foto/2022/09/1664157131_633105cac0aac.jpg','12','2022-09-26'),
(19,18,'197810282010121001','upload/foto/2022/09/1664174208_6331487fcdf93.jpg','12','2022-09-26'),
(20,24,'197810282010121001','upload/foto/2022/09/1664341555_6333d6329c1be.png','12','2022-09-28'),
(23,29,'103','upload/foto/2022/10/1664768209_633a58d0cec07.jpeg','198','2022-10-03'),
(24,29,'103','upload/foto/2022/10/1664768291_633a592290abf.jpg','198','2022-10-03'),
(25,30,'197810282010121001','upload/foto/2022/10/1664779890_633a86726b0af.png','13','2022-10-03'),
(26,34,'197810282010121001','upload/foto/2022/10/1664933002_633cdc8a0f9cb.png','13','2022-10-05'),
(27,35,'197810282010121001','upload/foto/2022/10/1665027236_633e4ca3a388c.png','13','2022-10-06');

/*Table structure for table `profile` */

DROP TABLE IF EXISTS `profile`;

CREATE TABLE `profile` (
  `id_profile` int(11) NOT NULL AUTO_INCREMENT,
  `id_user` int(11) DEFAULT NULL,
  `profile_nip` varchar(255) DEFAULT NULL,
  `profile_name` varchar(255) DEFAULT NULL,
  `profile_email` varchar(255) DEFAULT NULL,
  `work_unit` varchar(255) DEFAULT NULL,
  `foto_profil` varchar(255) DEFAULT NULL,
  `created_by` varchar(255) DEFAULT NULL,
  `updated_date` datetime DEFAULT NULL,
  PRIMARY KEY (`id_profile`)
) ENGINE=InnoDB AUTO_INCREMENT=324 DEFAULT CHARSET=latin1;

/*Data for the table `profile` */

insert  into `profile`(`id_profile`,`id_user`,`profile_nip`,`profile_name`,`profile_email`,`work_unit`,`foto_profil`,`created_by`,`updated_date`) values 
(1,196,'101','Admin',NULL,NULL,NULL,NULL,NULL),
(2,197,'102','User','user@user.ac.id','3',NULL,NULL,NULL),
(163,NULL,'195909031977112001','ADELINA BARUS, S.SiT, MA.Kes','adelina.barus@poltekkesjakarta1.ac.id',NULL,NULL,NULL,NULL),
(164,NULL,'196808081994032005','AGUSNI KARMA, SKM, M.Si','agusni.karma@poltekkesjakarta1.ac.id',NULL,NULL,NULL,NULL),
(165,NULL,'196907071994031004','AHMAD HASAN ALI','ahmad.ali@poltekkesjakarta1.ac.id','1',NULL,NULL,NULL),
(166,NULL,'197108281995032001','ALICE LEIWAKABESSY, S.Pd, MKM','alice.leiwakabessy@poltekkesjakarta1.ac.id',NULL,NULL,NULL,NULL),
(167,NULL,'197807062012122001','AMELIA ARNIS, M.Nurs','amelia.arnis@poltekkesjakarta1.ac.id',NULL,NULL,NULL,NULL),
(168,NULL,'199005022015032004','AMIROTUL MUDHMAINNAH, S.Keb','amirotul.mudhmainnah@poltekkesjakarta1.ac.id',NULL,NULL,NULL,NULL),
(169,NULL,'199312122022032005','ANA SILMIA, B.PO','anasilmia@poltekkesjakarta1.ac.id',NULL,NULL,NULL,NULL),
(170,NULL,'197901162014122002','ANI ANDARINI, Amd.Kep','ani.andarini@poltekkesjakarta1.ac.id',NULL,NULL,NULL,NULL),
(171,NULL,'196108281984102001','ANI NURAENI, SKp, M.Kes','ani.nuraeni@poltekkesjakarta1.ac.id',NULL,NULL,NULL,NULL),
(172,NULL,'197810282010121001','ARGIANTO, S.Kom, MKM','argianto@poltekkesjakarta1.ac.id',NULL,NULL,NULL,NULL),
(173,NULL,'197704042006041005','ASMANUDIN, AMd.Graf','asmanudin@poltekkesjakarta1.ac.id','1',NULL,NULL,NULL),
(174,NULL,'198809272010122005','ASSRY WORO PRISANTI, SE','assry.prisanti@poltekkesjakarta1.ac.id','1',NULL,NULL,NULL),
(175,NULL,'199507202022032003','AULIYA HIDAYATI, S.Kep. Ners','aulia.hidayati@poltekkesjakarta1.ac.id',NULL,NULL,NULL,NULL),
(176,NULL,'196910091999032002','BARA MIRADWIYANA, S.Kp, M.KM','bara.miradwiyana@poltekkesjakarta1.ac.id',NULL,NULL,NULL,NULL),
(177,NULL,'199402112019021001','BIMO GIGIH SASONGKO, STKG','bimo.sasongko@poltekkesjakarta1.ac.id',NULL,NULL,NULL,NULL),
(178,NULL,'198912312014022003','CHARISMA DESTRIKASARI, SST','charisma.sst@poltekkesjakarta1.ac.id',NULL,NULL,NULL,NULL),
(179,NULL,'198604252010121002','DEBY EKA SUPADMA, BPO. M.K.K.K.','deby.supadma@poltekkesjakarta1.ac.id',NULL,NULL,NULL,NULL),
(180,NULL,'199408242022032007','DEKA PRAMUDITA, A.Md','dekapramudita@poltekkesjakarta1.ac.id',NULL,NULL,NULL,NULL),
(181,NULL,'198004152003122002','DEVI AZRIANI, S.ST, M.Keb','devi@poltekkesjakarta1.ac.id',NULL,NULL,NULL,NULL),
(182,NULL,'198402272008012003','DEWI CANDRA PRIBAWANTI, A.MKG, S.Si.T','dewi.pribawanti@poltekkesjakarta1.ac.id',NULL,NULL,NULL,NULL),
(183,NULL,'198107232014021001','DHANNY WIDHATA MAHARDHIKA, BSc P&O, M.T.','dhanny.mahardhika@poltekkesjakarta1.ac.id',NULL,NULL,NULL,NULL),
(184,NULL,'919810604201502101','ACHMAD SYARIFUDIN, A.Md','achmad.syarifudin@poltekkesjakarta1.ac.id',NULL,NULL,NULL,NULL),
(185,NULL,'196203311986032002','DINARTI, SKp, M.AP','dinarti@poltekkesjakarta1.ac.id',NULL,NULL,NULL,NULL),
(186,NULL,'198910162015032002','DINNY ATIN AMANAH, Ners','dinny.amanah@poltekkesjakarta1.ac.id',NULL,NULL,NULL,NULL),
(187,NULL,'196603141993021001','Dr. drg. JUSUF KRISTIANTO, MM, M.Kes','jusuf.kristianto@poltekkesjakarta1.ac.id',NULL,NULL,NULL,NULL),
(188,NULL,'196410091993122001','Dr. EMY RIANTI, S.Kep. Ners, MKM','emy.rianti@poltekkesjakarta1.ac.id',NULL,NULL,NULL,NULL),
(189,NULL,'198006102002122003','Dr. HARIYANTI, SKM, MKM','hariyanti@poltekkesjakarta1.ac.id',NULL,NULL,NULL,NULL),
(190,NULL,'198008282009122001','dr. KUMALASARI, M.Kes','kumalasari@poltekkesjakarta1.ac.id',NULL,NULL,NULL,NULL),
(191,NULL,'197306131997032001','Dr. RENI CHAIRANI, S.Kp, M.Kep. Sp.Kom','renichairani@poltekkesjakarta1.ac.id',NULL,NULL,NULL,NULL),
(192,NULL,'196801111995032001','Dr. SURYANI MANURUNG, S.Kep. Ners, M.Kep. Sp.Mat','suryani.manurung@poltekkesjakarta1.ac.id',NULL,NULL,NULL,NULL),
(193,NULL,'196812201997032002','Dr. TRI RIANA LESTARI, SKM, M.Kes','tri.lestari@poltekkesjakarta1.ac.id',NULL,NULL,NULL,NULL),
(194,NULL,'196202261988032002','Dr. TUTIANY SKp, M.Kes','dr..tutiany@poltekkesjakarta1.ac.id',NULL,NULL,NULL,NULL),
(195,NULL,'195708161981032002','Dra. ERNI, MA.Kes','erni@poltekkesjakarta1.ac.id',NULL,NULL,NULL,NULL),
(196,NULL,'195811191980032006','Dra. HENNY NOVITA, SST, MA.Kes','henny.novita@poltekkesjakarta1.ac.id',NULL,NULL,NULL,NULL),
(197,NULL,'195705171982122001','Dra. MUMUN MUNIGAR, MA.Kes','mumun.munigar@poltekkesjakarta1.ac.id',NULL,NULL,NULL,NULL),
(198,NULL,'196111301987032001','drg. DWI PRIHARTI, M.Kes','dwi.priharti@poltekkesjakarta1.ac.id',NULL,NULL,NULL,NULL),
(199,NULL,'196011041987102001','drg. EKA ANGGRAENI, M.Kes','eka.anggraeni@poltekkesjakarta1.ac.id',NULL,NULL,NULL,NULL),
(200,NULL,'196405091988032002','drg. ITA ASTIT KARMAWATI, MARS','ita.karmawati@poltekkesjakarta1.ac.id',NULL,NULL,NULL,NULL),
(201,NULL,'196207061988122003','drg. ITA YULITA, M.Kes','ita.ulita@poltekkesjakarta1.ac.id',NULL,NULL,NULL,NULL),
(202,NULL,'196207201989022001','drg. NITA NOVIANI HARAHAP, MKM','nita.harahap@poltekkesjakarta1.ac.id',NULL,NULL,NULL,NULL),
(203,NULL,'196601011993032001','drg. SITI NURBAYANI TAUCHID, MKM','siti.tauchid@poltekkesjakarta1.ac.id',NULL,NULL,NULL,NULL),
(204,NULL,'196711231994032004','drg. VITRI NURILAWATY, M.Kes','vitri.nurilawaty@poltekkesjakarta1.ac.id',NULL,NULL,NULL,NULL),
(205,NULL,'199108202015032002','EKA YULIA AGUSTINA','eka.agustina@poltekkesjakarta1.ac.id',NULL,NULL,NULL,NULL),
(206,NULL,'195907311986032001','ELSYE RAHMAWATY, S.Kep, MKM','elsye.rahmawaty@poltekkesjakarta1.ac.id',NULL,NULL,NULL,NULL),
(207,NULL,'198210232006042024','EMILZA MAIZAR, S.Kep. Ners','emilza.maizar@poltekkesjakarta1.ac.id',NULL,NULL,NULL,NULL),
(208,NULL,'196009161981102001','EMINI, S.Si.T, MA.Kes','emini@poltekkesjakarta1.ac.id',NULL,NULL,NULL,NULL),
(209,NULL,'198007132002122002','ERLIN PUSPITA, SST, M.Keb','erlin.puspita@poltekkesjakarta1.ac.id',NULL,NULL,NULL,NULL),
(210,NULL,'196703281991032001','ERNI MARDIATI, SKM, M.Kes','erni.mardiati@poltekkesjakarta1.ac.id',NULL,NULL,NULL,NULL),
(211,NULL,'199006072019021001','ERWIN, M.Kes','erwin@poltekkesjakarta1.ac.id',NULL,NULL,NULL,NULL),
(212,NULL,'198707152015032001','ESTER SYEFTTY PASARIBU, BSc.PO','ester.pasaribu@poltekkesjakarta1.ac.id',NULL,NULL,NULL,NULL),
(213,NULL,'197202112001122001','FENTI HASNANI, S.Kep. Ners, MA.Kes.','fenti.hasnani@poltekkesjakarta1.ac.id',NULL,NULL,NULL,NULL),
(214,NULL,'198910012014022007','FERYANDA UTAMI, B.PO','feryanda.utami@poltekkesjakarta1.ac.id',NULL,NULL,NULL,NULL),
(215,NULL,'198603262014022002','FIKA TRIFANI, B.PO','fika.trifani@poltekkesjakarta1.ac.id',NULL,NULL,NULL,NULL),
(216,NULL,'198606112009032002','FITRAH IVANA PAISAL, SST, M.Keb.','fitrah.paisal@poltekkesjakarta1.ac.id',NULL,NULL,NULL,NULL),
(217,NULL,'199303272015032001','FITRIA HAIRANI ARISMI, B.Sc.PO','fitria.arismi@poltekkesjakarta1.ac.id',NULL,NULL,NULL,NULL),
(218,NULL,'919921017201503101','ALAUDDIN MAHFUDH, S.Ak.','alauddin.mahfudh@poltekkesjakarta1.ac.id',NULL,NULL,NULL,NULL),
(219,NULL,'199301132014022001','GALUH NURUL ANNISA, B.PO','galuh.annisa@poltekkesjakarta1.ac.id',NULL,NULL,NULL,NULL),
(220,NULL,'199001112015031004','GIOVANNI ANGGRE DARMA, S.ST','giovanni.darma@poltekkesjakarta1.ac.id',NULL,NULL,NULL,NULL),
(221,NULL,'197609112007011015','GIYANTO','giyanto@poltekkesjakarta1.ac.id',NULL,NULL,NULL,NULL),
(222,NULL,'197605312007012010','GUSTI AJU DIEN WHARDANI, S.Sos','gusti.whardani@poltekkesjakarta1.ac.id',NULL,NULL,NULL,NULL),
(223,NULL,'199612142019022001','HANIFAH DANURRASMAH, S.Tr.Kes','hanifah.danurrasmah@poltekkesjakarta1.ac.id',NULL,NULL,NULL,NULL),
(224,NULL,'198305262010122007','HASTIN ATAS ASIH, S.Sos','hastin.asih@poltekkesjakarta1.ac.id',NULL,NULL,NULL,NULL),
(225,NULL,'196610131989032010','HENI NURHAENI, S.Kp, MKM','heni.nurhaeni@poltekkesjakarta1.ac.id',NULL,NULL,NULL,NULL),
(226,NULL,'197004172006041001','HERMAN','herman@poltekkesjakarta1.ac.id',NULL,NULL,NULL,NULL),
(227,NULL,'919970516202101201','ALVIANTI PRATIWI PUTRI, A.Md. Kep','alvianti.putri@poltekkesjakarta1.ac.id',NULL,NULL,NULL,NULL),
(228,NULL,'198709222010012012','HIDAYANTI ARIFUDDIN, SST','hidayanti.arifuddin@poltekkesjakarta1.ac.id',NULL,NULL,NULL,NULL),
(229,NULL,'199105152020122008','HUSNUL KHATIMAH, S.ST, M.K.M.','husnul.khatimah@poltekkesjakarta1.ac.id',NULL,NULL,NULL,NULL),
(230,NULL,'197308242002122003','IDA FARIDA','ida.farida@poltekkesjakarta1.ac.id',NULL,NULL,NULL,NULL),
(231,NULL,'196310131989012001','II SOLIHAH, SKp, MKM','ii.solihah@poltekkesjakarta1.ac.id',NULL,NULL,NULL,NULL),
(232,NULL,'199611112019022001','IKA FAHRADILLA SARI','ika.sari@poltekkesjakarta1.ac.id',NULL,NULL,NULL,NULL),
(233,NULL,'196905271989112001','INDRAYATI FADJERI, S.Si.T, M.Kes','indrayati.fadjeri@poltekkesjakarta1.ac.id',NULL,NULL,NULL,NULL),
(234,NULL,'198903132015032003','IRMA LISMAYANTI, S.IP','irma.lismayanti@poltekkesjakarta1.ac.id',NULL,NULL,NULL,NULL),
(235,NULL,'197207301992031002','ISDIOSO, SKM','isdioso@poltekkesjakarta1.ac.id',NULL,NULL,NULL,NULL),
(236,NULL,'198012012008012007','ISRONI ASTUTI, S.Si.T, M.Kes','isroni.astuti@poltekkesjakarta1.ac.id',NULL,NULL,NULL,NULL),
(237,NULL,'198804102015032001','KARTIKANINGTYAS KUSUMASTUTI, Ners','kartikaningtyas.kusumastuti@poltekkesjakarta1.ac.i',NULL,NULL,NULL,NULL),
(238,NULL,'198510172010121002','KUNCORO ADI KUSUMO','kuncoro.kusumo@poltekkesjakarta1.ac.id',NULL,NULL,NULL,NULL),
(239,NULL,'199106032015032003','LINDA LUGINA FIRDAUSI, B.Sc.PO','linda.firdausi@poltekkesjakarta1.ac.id',NULL,NULL,NULL,NULL),
(240,NULL,'199312172019022002','LINDA RAHMAWATI, S.Tr.OP','linda.rahmawati@poltekkesjakarta1.ac.id',NULL,NULL,NULL,NULL),
(241,NULL,'197611092002122003','MASITA, S.ST, MPH','masita@poltekkesjakarta1.ac.id',NULL,NULL,NULL,NULL),
(242,NULL,'198806122019022001','MEGA LESTARI KHOIRUNNISA, M.Kep','megakhoirunnisa@poltekkesjakarta1.ac.id',NULL,NULL,NULL,NULL),
(243,NULL,'197807212007012003','MELINDA MACEDONIA','melinda.macedonia@poltekkesjakarta1.ac.id',NULL,NULL,NULL,NULL),
(244,NULL,'197209062005011002','MULYADI, A Md','mulyadi@poltekkesjakarta1.ac.id',NULL,NULL,NULL,NULL),
(245,NULL,'197101241999032001','MUMPUNI, S.Kp, M.Biomed','mumpuni@poltekkesjakarta1.ac.id',NULL,NULL,NULL,NULL),
(246,NULL,'198008262010121002','MUTAROBIN, S.Kep. Ners, M.Kep. Ns.Sp.Kep.M.B','mutarobin@poltekkesjakarta1.ac.id',NULL,NULL,NULL,NULL),
(247,NULL,'196604051987032002','NGATEMI, S.SiT, M.KM','ngatemi@poltekkesjakarta1.ac.id',NULL,NULL,NULL,NULL),
(248,NULL,'197602141996032002','NI NYOMAN KASIHANI, S.Si.T, M.Kes','ni.kasihani@poltekkesjakarta1.ac.id',NULL,NULL,NULL,NULL),
(249,NULL,'198306212010122005','NI PUTU WENDI YUNIANTI, SKM','ni.yunianti@poltekkesjakarta1.ac.id',NULL,NULL,NULL,NULL),
(250,NULL,'199610182022031002','Ns. DWI SETIADI, S.Kep.','dwi.setiadi@poltekkesjakarta1.ac.id',NULL,NULL,NULL,NULL),
(251,NULL,'198005262010121004','NURHARDI SAPUTRO, S.Pd','nurhardi.saputro@poltekkesjakarta1.ac.id',NULL,NULL,NULL,NULL),
(252,NULL,'198207042006042002','NURHAYATI, SST, M.Kes','nurhayati@poltekkesjakarta1.ac.id',NULL,NULL,NULL,NULL),
(253,NULL,'198606152010122004','NURUL DWI AYUNI BACHRI, SE','nurul.bachri@poltekkesjakarta1.ac.id',NULL,NULL,NULL,NULL),
(254,NULL,'196210251990031002','PAYUNG HASIBUAN, SH, MM','payung.hasibuan@poltekkesjakarta1.ac.id',NULL,NULL,NULL,NULL),
(255,NULL,'919951224202003201','BEKTHI PRAMUDYA RINI, A.Md.Kep','bekthi.rini@poltekkesjakarta1.ac.id',NULL,NULL,NULL,NULL),
(256,NULL,'196905191989112001','PUDENTIANA RR. RE, S.Pd, MKM','pudentiana.re@poltekkesjakarta1.ac.id',NULL,NULL,NULL,NULL),
(257,NULL,'197109122006041006','PURWOKO','purwoko@poltekkesjakarta1.ac.id',NULL,NULL,NULL,NULL),
(258,NULL,'198906102010122004','PUTRI YUNIARTIS, S.Tr.Keb','putri.yuniartis@poltekkesjakarta1.ac.id',NULL,NULL,NULL,NULL),
(259,NULL,'199109262019021001','RADEN ACHMAD CANDRA PUTRA, B.PO','raden.putra@poltekkesjakarta1.ac.id',NULL,NULL,NULL,NULL),
(260,NULL,'196309061984122001','RASUMAWATI, SKM, MA.Kes','rasumawati@poltekkesjakarta1.ac.id',NULL,NULL,NULL,NULL),
(261,NULL,'198004162005012001','RATNA ARYANI, S.Kep. Ners, M.Kep','ratna.aryani@poltekkesjakarta1.ac.id',NULL,NULL,NULL,NULL),
(262,NULL,'198101122009122001','RIA SETYANA, SE','ria.setyana@poltekkesjakarta1.ac.id',NULL,NULL,NULL,NULL),
(263,NULL,'198508252010121002','RIDUAN ARIFIN, S.AP','riduan.arifin@poltekkesjakarta1.ac.id',NULL,NULL,NULL,NULL),
(264,NULL,'197710152009122003','RIKAWARASTUTI, SKM, M.Kes','rikawarastuti@poltekkesjakarta1.ac.id',NULL,NULL,NULL,NULL),
(265,NULL,'198705312010122004','RINA FITRIANA RAHMAWATI, B.PO, M.T.','rina.rahmawati@poltekkesjakarta1.ac.id',NULL,NULL,NULL,NULL),
(266,NULL,'197905072002122004','RINAWATI, SE','rinawati@poltekkesjakarta1.ac.id',NULL,NULL,NULL,NULL),
(267,NULL,'197606051997032003','RINI WIDIYASTUTI, S.SiT, M.Kes','rini.widyastuti@poltekkesjakarta1.ac.id',NULL,NULL,NULL,NULL),
(268,NULL,'199206262019022001','RIZAN YUNIHANAWATI','rizan.yunihanawati@poltekkesjakarta1.ac.id',NULL,NULL,NULL,NULL),
(269,NULL,'199006222015031003','RIZKI SOFIAN, S.KM','rizki.sofian@poltekkesjakarta1.ac.id',NULL,NULL,NULL,NULL),
(270,NULL,'197106202014122001','RUMIYATI','rumiyati@poltekkesjakarta1.ac.id',NULL,NULL,NULL,NULL),
(271,NULL,'196905271995032001','RUSTIANI, S.A.P','rustiani@poltekkesjakarta1.ac.id',NULL,NULL,NULL,NULL),
(272,NULL,'196607201988031001','SAIDIN, SKM','saidin@poltekkesjakarta1.ac.id',NULL,NULL,NULL,NULL),
(273,NULL,'198102102014121002','SAIFUL AHMAD, A.Md','saiful.ahmad@poltekkesjakarta1.ac.id',NULL,NULL,NULL,NULL),
(274,NULL,'196908281997031001','SAMSORI','samsori@poltekkesjakarta1.ac.id',NULL,NULL,NULL,NULL),
(275,NULL,'199009062015031001','SEPTHIAN SURYANA, S.E.','septhian.suryana@poltekkesjakarta1.ac.id',NULL,NULL,NULL,NULL),
(276,NULL,'199212022015032001','SHEYLA FAULIN, B.Sc.PO','sheyla.faulin@poltekkesjakarta1.ac.id',NULL,NULL,NULL,NULL),
(277,NULL,'197908082006042001','SITI RAHMADANI NASUTION, S.SiT, M.Kes','siti.nasution@poltekkesjakarta1.ac.id',NULL,NULL,NULL,NULL),
(278,NULL,'197812242002122002','SOFIANI DWI ASTUTI, SKM, M.K.M.','sofiani.astuti@poltekkesjakarta1.ac.id',NULL,NULL,NULL,NULL),
(279,NULL,'196909301992032001','SRI HANDAYANI, S.Pd, MKM','sri.handayani@poltekkesjakarta1.ac.id',NULL,NULL,NULL,NULL),
(280,NULL,'196508131985032003','SRI LESTARI SUBANDINI, S.Pd','sri.subandini@poltekkesjakarta1.ac.id',NULL,NULL,NULL,NULL),
(281,NULL,'198311032015032001','SUCI ANATASIA, BSc.PO, M.Sc','suci.anatasia@poltekkesjakarta1.ac.id',NULL,NULL,NULL,NULL),
(282,NULL,'197910052002122001','SUDIYATI, S.ST, M.Kes','sudiyati@poltekkesjakarta1.ac.id',NULL,NULL,NULL,NULL),
(283,NULL,'196810251988082001','SUGIARTI','sugiarti@poltekkesjakarta1.ac.id',NULL,NULL,NULL,NULL),
(284,NULL,'196107091985032002','SURYATI B, SKp, MKM','suryati.b@poltekkesjakarta1.ac.id',NULL,NULL,NULL,NULL),
(285,NULL,'197009112014121001','SUTIKNO','sutikno@poltekkesjakarta1.ac.id',NULL,NULL,NULL,NULL),
(286,NULL,'199309082015032001','SYIFA FAUZIAH, B.PO','syifa.fauziah@poltekkesjakarta1.ac.id',NULL,NULL,NULL,NULL),
(287,NULL,'199507052020122008','SYIFA YULIA LESTARI, S.Tr.KG, M.Tr.Kes','syifa.lestari@poltekkesjakarta1.ac.id',NULL,NULL,NULL,NULL),
(288,NULL,'197002091995031001','TARWOTO, S.Kep. Ners, M.Kep','tarwoto@poltekkesjakarta1.ac.id',NULL,NULL,NULL,NULL),
(289,NULL,'198907112010121003','TEDI PURNAMA, S.ST, M.Tr.Kes','tedi.purnama@poltekkesjakarta1.ac.id',NULL,NULL,NULL,NULL),
(290,NULL,'198710142010121005','TIAS HARFIANSYAH AKBAR, S.Kom','tias.harfiansyah@poltekkesjakarta1.ac.id',NULL,NULL,NULL,NULL),
(291,NULL,'195907261988032003','TRIYANI, SKp, M.Med.Ed','triyani@poltekkesjakarta1.ac.id',NULL,NULL,NULL,NULL),
(292,NULL,'196404041986032005','TUTTY APRIANTI M, S.Kp, M.Kes.','tutty.aprianti@poltekkesjakarta1.ac.id',NULL,NULL,NULL,NULL),
(293,NULL,'198506222009121002','UJANG ABDUL MUIS, SKM, MKM','ujang.muis@poltekkesjakarta1.ac.id',NULL,NULL,NULL,NULL),
(294,NULL,'196403221992032001','UUN NURUL HUDA, S.Kep. Ners, M.Kep. Sp.KMB','uun@poltekkesjakarta1.ac.id',NULL,NULL,NULL,NULL),
(295,NULL,'919780610201606201','DIAN TRI YUNITA TJOHYONINGTYAS, SE','dian.tjohyoningtyas@poltekkesjakarta1.ac.id',NULL,NULL,NULL,NULL),
(296,NULL,'919870514202001201','ENDAH DIAN MARLINA, S.ST, M.Keb','endah.marlina@poltekkesjakarta1.ac.id',NULL,NULL,NULL,NULL),
(297,NULL,'919900808201201201','FRISKY WIHASTI, A.Md','frisky.wihasti@poltekkesjakarta1.ac.id',NULL,NULL,NULL,NULL),
(298,NULL,'919920109201801101','LUTHFI RIZQI PRANOTO, B.PO','lutfi.pranoto@poltekkesjakarta1.ac.id',NULL,NULL,NULL,NULL),
(299,NULL,'198807142020122004','VINI YULIANI, M.Keb','vini.yuliani@poltekkesjakarta1.ac.id',NULL,NULL,NULL,NULL),
(300,NULL,'919950710201901201','MIFTAKHUL ARIFAH, A.Md OP','miftakhul.arifah@poltekkesjakarta1.ac.id',NULL,NULL,NULL,NULL),
(301,NULL,'919980516202003101','MUHAMAD RIFKI FANAN, A.Md.Kep','muhamad.fanan@poltekkesjakarta1.ac.id',NULL,NULL,NULL,NULL),
(302,NULL,'196310131988021002','WAHYU WIDAGDO, S.Kp, M.Kes. Sp.Kom','wahyu.widagdo@poltekkesjakarta1.ac.id',NULL,NULL,NULL,NULL),
(303,NULL,'919851125201502201','MULYANI NOVITA SARI BENYAL, A.Md','mulyani.benyal@poltekkesjakarta1.ac.id',NULL,NULL,NULL,NULL),
(304,NULL,'919860213201008101','NONO SUWELO, SE','nonosuwelo@poltekkesjakarta1.ac.id',NULL,NULL,NULL,NULL),
(305,NULL,'919970711202003201','NUR DWI YULIANTI, A.Md.Keb','nur.yulianti@poltekkesjakarta1.ac.id',NULL,NULL,NULL,NULL),
(306,NULL,'919870917201902201','NURUL LIDYA, SST, M.Kes.','nurul.lidya@poltekkesjakarta1.ac.id',NULL,NULL,NULL,NULL),
(307,NULL,'919971021202101201','NURUL MIFTAHUL JANAH, S.Kep. Ners','nurul.jannah@poltekkesjakarta1.ac.id',NULL,NULL,NULL,NULL),
(308,NULL,'919720817201809101','RAY KAPOOR','ray.kapoor@poltekkesjakarta1.ac.id',NULL,NULL,NULL,NULL),
(309,NULL,'919811022201809101','RIKI HARYADI','riki.haryadi@poltekkesjakarta1.ac.id',NULL,NULL,NULL,NULL),
(310,NULL,'198307232015032001','WINDA MAHARANI, SE','winda.maharani@poltekkesjakarta1.ac.id',NULL,NULL,NULL,NULL),
(311,NULL,'197304151998031003','YAYAT RUHIYAT','yayat.ruhiyat@poltekkesjakarta1.ac.id',NULL,NULL,NULL,NULL),
(312,NULL,'199303062022032001','YETTY MARIANI TAMBUN, M.Kep','yettymarianitambun@poltekkesjakarta1.ac.id',NULL,NULL,NULL,NULL),
(313,NULL,'199406302020122004','YUNITA LAILA ASTUTI, SST, M. Sc. Nurse/Mid','yunita.astuti@poltekkesjakarta1.ac.id',NULL,NULL,NULL,NULL),
(314,NULL,'919851102201902202','ROSITA SYARIPAH, S.SiT, M.Keb','rosita.syaripah@poltekkesjakarta1.ac.id',NULL,NULL,NULL,NULL),
(315,NULL,'919861013201901101','SAMSON XS MERARI','samson@poltekkesjakarta1.ac.id',NULL,NULL,NULL,NULL),
(316,NULL,'919791106202101201','TRI ENDAH PANGASTUTI, S.Kep. Ners, M.Kep','tri.pangastuti@poltekkesjakarta1.ac.id',NULL,NULL,NULL,NULL),
(317,NULL,'919990423202101201','USWATUL CHASANAH, A.Md Keb','uswatul.chasanah@poltekkesjakarta1.ac.id',NULL,NULL,NULL,NULL),
(318,NULL,'199207132015032003','ZELLA LEWIYONAH, S.H','zella.lewiyonah@poltekkesjakarta1.ac.id',NULL,NULL,NULL,NULL),
(319,NULL,'919810113201602201','VERA SUZANA DEWI HARIS, M.Keb','vera.haris@poltekkesjakarta1.ac.id',NULL,NULL,NULL,NULL),
(320,NULL,'919780630202001101','WIWIK WIDARJONO','wiwik@poltekkesjakarta1.ac.id',NULL,NULL,NULL,NULL),
(321,NULL,'198301122010121005','ZENI ZAENAL MUTAQIN, SKM, MKM','zeni.mustaqin@poltekkesjakarta1.ac.id',NULL,NULL,NULL,NULL),
(322,NULL,'196212211986032003','ULTY DESMARNITA, S.Kp, Ns, M.Kes, Sp.Mat','ultydesmarnita@poltekkesjakarta1.ac.id',NULL,NULL,NULL,NULL),
(323,NULL,'103','Dhika','dhika@gmail.com','',NULL,NULL,NULL);

/*Table structure for table `users` */

DROP TABLE IF EXISTS `users`;

CREATE TABLE `users` (
  `id_user` int(11) NOT NULL AUTO_INCREMENT,
  `user_nip` varchar(255) DEFAULT NULL,
  `pass` varchar(255) DEFAULT NULL,
  `email` varchar(255) DEFAULT NULL,
  `level` int(11) DEFAULT 2,
  `priv_unit` varchar(20) DEFAULT NULL,
  `foto_profil` varchar(255) DEFAULT NULL,
  `created_by` varchar(255) DEFAULT NULL,
  `updated_date` datetime DEFAULT NULL,
  PRIMARY KEY (`id_user`)
) ENGINE=InnoDB AUTO_INCREMENT=199 DEFAULT CHARSET=latin1;

/*Data for the table `users` */

insert  into `users`(`id_user`,`user_nip`,`pass`,`email`,`level`,`priv_unit`,`foto_profil`,`created_by`,`updated_date`) values 
(1,'poltekkesjasamin2021','$2y$10$gp1LsmUl0MlQaDAscU7eGuhz9xedU4FpIGzne.99sFXhK3zFsJUZ2','arief7385@yahoo.com',2,NULL,NULL,NULL,NULL),
(2,'197207301992031002','$2y$10$gzQDr3D28061HkAhTw1FP.NZ7nM2DpaNobR3zZmKfoo.CCPLTlfM2','yosisdi@yahoo.com',2,NULL,NULL,NULL,NULL),
(3,'198301122010121005','$2y$10$1Kseh9mjENFo/Ni3coH.Cen1ujWmyRXBwnYc/6iBiVvoFwwH.Gys2','zenigarut1983@gmail.com',2,NULL,NULL,NULL,NULL),
(4,'196607201988031001','$2y$10$inc344Y04HDTxeJ2ZD9ZrerbSXp9nhfiLv6ZTt2jpzXAUWv/FgwDa','danar_said@yahoo.com',2,NULL,NULL,NULL,NULL),
(5,'197812242002122002','$2y$10$QzCAeJAgMD7gaKDeWeeimOIM6dsq6lOo1bmNmB8W0l2QrTF.C7Nqy','sofiani_dwia@yahoo.co.id',2,NULL,NULL,NULL,NULL),
(6,'197611092002122003','$2y$10$hoDzKPD/6R9lhA54f2UwIOP6Zxslq4P3.geE1TJ/CsOM7HQiMI8Jm','ita_fatma76@yahoo.co.id',2,NULL,NULL,NULL,NULL),
(7,'198006102002122003','$2y$10$ueAq/hqqpvfI734vOR6ASOPLRwKTBGAJsBSOpZzHJOw71WT07BRHC','yantie_job@yahoo.co.id',2,NULL,NULL,NULL,NULL),
(8,'197710152009122003','$2y$10$iMqqhL4U6hebBy.6dAG1OuX9gSI2aWSvWQsuqfvk6AOljYMYxZ4OC','rikawarastuti@gmail.com',2,NULL,NULL,NULL,NULL),
(9,'197910052002122001','$2y$10$0gQNtQElAtJpDeH3ii/9h.97rjqXaac6TTDq0o5bhf1IxNzsfHoEK','sudiyatihermawan@gmail.com',2,NULL,NULL,NULL,NULL),
(10,'196905271995032001','$2y$10$waizZgr9TS2D/2AW2.eAIeR8dp0M/iGQPRDWUNBNb/QR3iCq0/3yS','rustiani2769@gmail.com',2,NULL,NULL,NULL,NULL),
(11,'196508131985032003','$2y$10$XGwzAlwKk7mfWasn9DPZAO2Us0OO28dTXVkaopM3dsGN4Is4dC.E2','emailibu.sl@gmail.com',2,NULL,NULL,NULL,NULL),
(12,'196311011983032013','$2y$10$dYu0m0XXZ9rwb28nnpo8Aee03C3SQr2.oz2eE93vYmuKO07lZH5re','vreniamustatik@gmail.com',2,NULL,NULL,NULL,NULL),
(13,'197810282010121001','$2y$10$YrJ2iM3JhCFlOwYWcbWDp.T04L3rS7MSGeNuxVHlKITmBexZ/Jdw.','argie.argianto@gmail.com',2,NULL,NULL,NULL,NULL),
(14,'198809272010122005','$2y$10$Y.QI6FiCuadxrw3AueZ0.uqbtCKVEy9dVicu2OIEDCS4zfrBvjodC','assry_woro@yahoo.co.id',2,NULL,NULL,NULL,NULL),
(15,'198606152010122004','$2y$10$f19GME82Un5U8ZH06vhZgO8jH5aRYfuDn7p86PBpFD6G.84JgAz5O','dwiayuni.156@gmail.com',2,NULL,NULL,NULL,NULL),
(16,'198101122009122001','$2y$10$xkrc.0.ZqmoJuoiLmG9kcOSYRLp3cy2N0/yzy1/n/EjWLMFNKm4ua','riatrily@yahoo.com',2,NULL,NULL,NULL,NULL),
(17,'197202251993032001','$2y$10$vszMf52F.xFoqjKixJFwb.8hA1i8g1dWvfGvJyFnB.YmsrPQ6kuou','adelss05@yahoo.com',2,NULL,NULL,NULL,NULL),
(18,'198710142010121005','$2y$10$.bdU3K/Eq3FPjpVmqR6.Yub.xI.VwpS3IOYCTDDRiBW4kYgcTty6C','iazabay@gmail.com',2,NULL,NULL,NULL,NULL),
(19,'198506222009121002','$2y$10$DPu56NGzJEe6vkWrtSDQWOsKLNz6hA4rNcAgYUtGIWMjO8KL6F8FC','ujang_abdulmuis@yahoo.com',2,NULL,NULL,NULL,NULL),
(20,'198005262010121004','$2y$10$vLYJ0OrXKvNVxAzDFTor0eci6w7huw4hCq6bAwgbomPMf6WfLQzeu','nurhardisaputro@yahoo.com',2,NULL,NULL,NULL,NULL),
(21,'198402272008012003','$2y$10$su6utWgLtEdTL1TTpHdVvOwtn6KdoVTIGA3ZjTtFd/rCxzFvxnkia','dcandra23@gmail.com',2,NULL,NULL,NULL,NULL),
(22,'197308242002122003','$2y$10$WpKK0/SbHdP1F1CBRf2K1uVL4M.ecPl2zypWUZdTli/d1AkTVmgTa','ida_bs@yahoo.com',2,NULL,NULL,NULL,NULL),
(23,'199006072019021001','$2y$10$MkCQAuAaFsp/dr6OoBfpM.jKdpPk.BS42GARCyHtEicQlqfS3ePjy','erwin7tgm@gmail.com',2,NULL,NULL,NULL,NULL),
(24,'198903132015032003','$2y$10$Rl/ugicftHmakbuPywDMs.jfKL5VhJiJb5GHur9/1ddQLdgp.x3OW','irmalismayanti@ymail.com',2,NULL,NULL,NULL,NULL),
(25,'197605312007012010','$2y$10$yATAObJ5FsBhEyobAcZ.POes216.1GJbKd.gtFobmP59hrEACMpva','ayudienw@gmail.com',2,NULL,NULL,NULL,NULL),
(26,'198307232015032001','$2y$10$mPCTKYKmTm/H1GmeiIgoq.8Vytckx.EisLDFoxrwsqHsIOuL20rqm','weem_adniw@yahoo.com',2,NULL,NULL,NULL,NULL),
(27,'197905072002122004','$2y$10$KLOtAIo4Zx7LwF3l3Fs25u/uco6Z2Y4mcdY6Cg/UAVoYXdOyu416W','karin.karina0880@gmail.com',2,NULL,NULL,NULL,NULL),
(28,'199207132015032003','$2y$10$qXLCFdaAgqw0/1cG12tq7eyK78GiNpB7koJ2bN95vzosZFgrQX1Q2','zellalewiyonah@yahoo.co.id',2,NULL,NULL,NULL,NULL),
(29,'198704152015031001','$2y$10$zppbxUgEmgVOWsnQ7ZDqsuFVmuzeRPE6wqrdFRxRndUfbS0Q6mRuq','aryopranggonomustafa@yahoo.co.id',2,NULL,NULL,NULL,NULL),
(30,'198107232014021001','$2y$10$q3av3iBovr7VyQbUaUWlSeaLlAUYlLBA0VkIUn1cMmReACp.UZYEi','dany@jspo.ac.id',2,NULL,NULL,NULL,NULL),
(31,'198707152015032001','$2y$10$cAo06StlBw5KIvqoY3xJw.TDGH3mRI3ZfIZ8/gZDho5JhLbYRs8/O','esterpasaribu@gmail.com',2,NULL,NULL,NULL,NULL),
(32,'198503162015032001','$2y$10$2lkHeAdmDNWqIsu9Enu.Vet1wdZbgx4ybVR/PTVEFjVEZGgwmNbma','Tri@jspo.ac.id',2,NULL,NULL,NULL,NULL),
(33,'198306212010122005','$2y$10$Zx/Ocf7/qs9DZ7TA9aNPfe/vj0d8petOiRQ2ah54cqTkd1Rdb2Gxu','ishana131115@gmail.com',2,NULL,NULL,NULL,NULL),
(34,'199005022015032004','$2y$10$ghx/6v/Vamqgt3I49Da9VO4rD9wUk6Q4Tk2GZ2Jp3sh.GjEOm44zK','amirotulmudhmainnah@gmail.com',2,NULL,NULL,NULL,NULL),
(35,'198910162015032002','$2y$10$0TgYY/qFRZxO8SBT.BnrqO3b4JarBtUQlRskCOqCAH4xEkSzxi4du','ns.dinny@gmail.com',2,NULL,NULL,NULL,NULL),
(36,'198804102015032001','$2y$10$PXpG9F0tF6UvDhu9xUsUrOHPA3hYfMrLf2MrJ4f57qe8dB6Ggj6wu','kartikaningtyas.k@gmail.com',2,NULL,NULL,NULL,NULL),
(37,'198912312014022003','$2y$10$ZnBhhwOY94bXS.FTlzTDIexUtD6QHMB5p2Utqymps7O.4iNWZ3qMO','risma_pinkky@yahoo.com',2,NULL,NULL,NULL,NULL),
(38,'198709222010012012','$2y$10$wGRXYeT3OTpHQMMCdYR27OPWKvRjOGmH6FKykuSOBXpOPTUoOAlaG','hiday_anti@yahoo.com',2,NULL,NULL,NULL,NULL),
(39,'198907112010121003','$2y$10$0hIIpaVysErfLxqyYk2.huI6z3d1EyAwfD0wx.K9VzxCqv.X9m0dG','tedypurnama23@yahoo.com',2,NULL,NULL,NULL,NULL),
(40,'196907071994031004','$2y$10$GIicTPgm.HkC5WcV4Fndu.yph25bxuHA2PiFEd69v6G.Iw6/MqpDq','aliefan7697@gmail.com',2,NULL,NULL,NULL,NULL),
(41,'197304151998031003','$2y$10$uz5sXPhJJimAk/WHN4Us8.cFFJG95qnGYrmVoNxycNbom1pH4wOPa','yayatruhiyat358@gmail.com',2,NULL,NULL,NULL,NULL),
(42,'198210232006042024','$2y$10$q6jL45qoMHyVA7PTnXTHgOk195bzJw6RY67tSwOfDFEMV56R3hMAO','emilzamaizar@yahoo.com',2,NULL,NULL,NULL,NULL),
(43,'196810251988082001','$2y$10$Usx0vlEM19X/bEXUt2dpsuWlsrrUswoxJlGQIwOQyhcI8JunCI6K.','giartipoltek@gmail.com',2,NULL,NULL,NULL,NULL),
(44,'196308031992031001','$2y$10$X3REF3qov7eDo3Z.CAftQe.OUF3IxBHWfG0rnD8aiu0dkyIo5nvxe','danimadani72@gmail.com',2,NULL,NULL,NULL,NULL),
(45,'196908281997031001','$2y$10$baRY5jHHBRNALWaEDl/fIuqeH8vc95FW7Q1UzbkYpN6zYHs.0ZNgq','robulsamsori@gmail.com',2,NULL,NULL,NULL,NULL),
(46,'198508252010121002','$2y$10$j8PTRRD591XQS20BRnmk9el99vAHt5nF71iiEoGSETy6y73.48g4i','g3mbul39@yahoo.com',2,NULL,NULL,NULL,NULL),
(47,'198604252010121002','$2y$10$X1x/CHDO8L6kZNS3WSjD..8yVPyGdXTRxBq.sDSjSfojE1Y4M6/Xy','deby@jspo.ac.id',2,NULL,NULL,NULL,NULL),
(48,'198705312010122004','$2y$10$q.DEnl4Us4EhjfO3tl2eReyVIdpYQAFcj.gHB5r1sXkd7QA5BPWYO','rina@jspo.ac.id',2,NULL,NULL,NULL,NULL),
(49,'199309082015032001','$2y$10$y5ozfMcbe.nBOhRaiaPl/uNrc3sgTxWiCK.se7AjifVLOB7HuVkAi','syifa.f1993@gmail.com',2,NULL,NULL,NULL,NULL),
(50,'198603262014022002','$2y$10$OCOl3KrF9WUekqpaRy0xK.UCVXU8kGbEob5P3sjJuxww4VqR018S2','fika@jspo.ac.id',2,NULL,NULL,NULL,NULL),
(51,'199301132014022001','$2y$10$WLdGqPLPE1DlQzajXty63OB/uQEJ6qUjm9.KmLdpMLSXz7a.p3ytS','galuh.n.annisa@gmail.com',2,NULL,NULL,NULL,NULL),
(52,'199612142019022001','$2y$10$KcGF0gbnljuWnPjR/5eivufR2SLaYAuIcoUU/wpdM/lQqHpiPaQwK','hanifah.danurr@gmail.com',2,NULL,NULL,NULL,NULL),
(53,'199312172019022002','$2y$10$h05hrl2KTS64MS7HZOom7eZlEgdQSYwRugHGcN969LbX6qyi3XBdS','lindarahmawati17@gmail.com',2,NULL,NULL,NULL,NULL),
(54,'199109262019021001','$2y$10$rBz8Wfl0PUPHyB3P9ZioDeqdax/XHyGOSFLKGwnBwGw2XyaOAk.QK','candra.jspo@gmail.com',2,NULL,NULL,NULL,NULL),
(55,'198906102010122004','$2y$10$MnYdGXn1jIT9BGNr9XW9x.I3K9SyZdFR9lg0Num0XNpfBwtrLyKIi','p.yuniartis@gmail.com',2,NULL,NULL,NULL,NULL),
(56,'199402112019021001','$2y$10$jZdgRzw35Lcdtf9eE0Eo4Oo5eT2yazIkxsXtpteqmH/6r3JqYdLFK','bimo.gigih@gmail.com',2,NULL,NULL,NULL,NULL),
(57,'197704042006041005','$2y$10$kT/WYf4shbQu8iHeFzgyge9n24z2iFpFkiXaR/g7WyltG1lb4rvPa','asmanudin77@gmail.com',2,NULL,NULL,NULL,NULL),
(58,'198510172010121002','$2y$10$nKVO4WpO5/w/wwz9ozp7.Oo1nhmunTg3/EIGfgFjSa0a2uC5c3swO','kuncoroadi1731@gmail.com',2,NULL,NULL,NULL,NULL),
(59,'198910012014022007','$2y$10$dKpL8T1E.tkxdxZM9Q3ke.VZRo7h01blf.0zyK3krkWzXPX7HYOgC','feryandautamipotter@gmail.com',2,NULL,NULL,NULL,NULL),
(60,'199006222015031003','$2y$10$9rcJQY1izAfFPYAfsvvsQu2JYIfHt78NUTrdA/c9nkjg50H6tQmLy','rizki_sofians@yahoo.com',2,NULL,NULL,NULL,NULL),
(61,'199009062015031001','$2y$10$UcP1vLbO977JgCHBldAJie9EXpk5Otnd5MR1ENX7ljSXLXnFfKOp2','septhians@gmail.com',2,NULL,NULL,NULL,NULL),
(62,'198906262015032003','$2y$10$S2WYcr00L5jMShmJK/rMyuHpkaYFykbH2YJYfGALeuUbhJyqrsbnS','sinta.yunitasari@gmail.com',2,NULL,NULL,NULL,NULL),
(63,'199108202015032002','$2y$10$CWahtKx8CmQ5kBjtaXfYHuhw2fju22M8H7OWy0YXQaLyabj9YUcB6','echaekayulia@gmail.com',2,NULL,NULL,NULL,NULL),
(64,'198908212015031002','$2y$10$BnTA8/.rKyTcPPFO/rdNBe5ZSj7qgCm.CjOUgxLsO9ZyTkdjpIdIC','aji_poltekkes@yahoo.co.id',2,NULL,NULL,NULL,NULL),
(65,'199303272015032001','$2y$10$uhJHW5rPiOMUPil16mMsBuIi2P9nyysGIze51JK7xYxk3dzOBeRvG','fhairani25@gmail.com',2,NULL,NULL,NULL,NULL),
(66,'199106032015032003','$2y$10$j3EXPI35NRMALhp2UP0SouKucMZeHB3Shs9yFLLHHCHndoOA/mV3G','lugynna@gmail.com',2,NULL,NULL,NULL,NULL),
(67,'199212022015032001','$2y$10$V8oe8QMvmNIqhH55buM4qe3KqSJrFMsS3pr.niW4i5WqnA09YZsCW','sheylafaulin22@gmail.com',2,NULL,NULL,NULL,NULL),
(68,'197807212007012003','$2y$10$Y8CFZb7ZMn/./LpplMie1.ZQg04b9XNvM6lNtdOlWTgLR6qEh.F6y','cecedoni@gmail.com',2,NULL,NULL,NULL,NULL),
(69,'197004172006041001','$2y$10$gMR8ucPI2AJj9RJA5EhDteoPdna1jh60xebLxgAG9jMqRF9h50k5O','hh_323466@gmail.com',2,NULL,NULL,NULL,NULL),
(70,'197109122006041007','$2y$10$FWB3wsgTXoumjtcrKks.5.aavnraX0MHd63xBHoTJYDfrBGPPZJlW','ayaskoko@yahoo.co.id',2,NULL,NULL,NULL,NULL),
(71,'199611112019022001','$2y$10$iQx1O2SxjDK7xD.oaRYH2OGxirUopXBUTed0OLwCp1QvYShhYLjWy','ikafahradillasari@gmail.com',2,NULL,NULL,NULL,NULL),
(72,'199206262019022001','$2y$10$L0e0VdBXX3jXAdDaiT0VhuwyGwhyHB6.nM46SE0y7zR/oVP8hTNHe','rizan.hana31@gmail.com',2,NULL,NULL,NULL,NULL),
(73,'197609112007011015','$2y$10$YwehJMN1Sh4rf86TEej5rehMw578r7U9qJw62pGVcw7GdqJQ.VVZ6','giyanto_1176@yahoo.co.id',2,NULL,NULL,NULL,NULL),
(74,'198102102014121002','$2y$10$fifJ6R7dosqWh70xnuhkA.Q6uBvavXpMyLPq3TlXrrq6yf0O73hXK','s_a_i_ful@yahoo.com',2,NULL,NULL,NULL,NULL),
(75,'197901162014122002','$2y$10$72ykEW.1OysJwKlNW1bI2Oy0TF1OkfMdBhfBVtv0R5QnyP3dTfoyS','anie_jutek@yahoo.co.id',2,NULL,NULL,NULL,NULL),
(76,'196307051983032003','$2y$10$f14TlRkDR6AFY4WRmX8YTuD53WDUV.hXeeXOQEWCRH0Ry79Mz6nZ.','Sanimah.jaanih@gmail.com',2,NULL,NULL,NULL,NULL),
(77,'197106202014122001','$2y$10$eG6McBVnmq9u1PJSlT8rOuZMEEpQRdIhSSaNYMIfFMhWuUut8Novy','rumrumiyati544@yahoo.co.id',2,NULL,NULL,NULL,NULL),
(78,'196405132014121002','$2y$10$XJTbwsfJ53jJvWUjHxzql.YHlzK5qTuo3XhNrjYv7nAOaccYE4u7m','samino1305@gmail.com',2,NULL,NULL,NULL,NULL),
(79,'197009112014121001','$2y$10$eJTsDhatA018Qr4tj.BZjugjuEcwqijVUUkV6xi2ZlExNHh9CpMs6','sutiknowk@yahoo.com',2,NULL,NULL,NULL,NULL),
(80,'195608131981032004','$2y$10$CMGU6mfeKJ4kaJ3XG/Hcw.3MRUSQB.CBvPmUCEO8CiTvf2fosJ8cy','rahayu.budiarti13@gmail.com',2,NULL,NULL,NULL,NULL),
(81,'196812201997032002','$2y$10$ZH5/LwEe2lWqG2TCqFV.LOKbxtCqk7hifGE1ZVZaN/yiYpYTIa4AS','tririanalestari@yahoo.co.id',2,NULL,NULL,NULL,NULL),
(82,'196410091993122001','$2y$10$EaoDJyW3P6v/xkcW53JzX.EO2VRhjxm9l1qCm4RhOYKc0yvl6br0y','emyrianti@gmail.com',2,NULL,NULL,NULL,NULL),
(83,'195811191980032006','$2y$10$Yc85OUuGWbKbUiOxhoBTKOfD4tyOAchVFBHkX0m3pVIUh7rotMvhW','hennynovita58@gmail.com',2,NULL,NULL,NULL,NULL),
(84,'196108281984102001','$2y$10$Ezv54fKk4tH/nc2x.EL9uOwbCSI4LVznmpABU4BuMNDrJHr9ONLPy','aninuraeni@yahoo.co.id',2,NULL,NULL,NULL,NULL),
(85,'196310131989012001','$2y$10$qBf1b7Dgf9PJP9l7FUrLx.tK4gMNh1pCw4mZfxkuU55K7DN.GkzAK','Ii_125@yahoo.co.id',2,NULL,NULL,NULL,NULL),
(86,'196107091985032002','$2y$10$p7JJqqI7ppeXP3t84NAVM.zdbHdD0lqvUQd5xDthHHj5qTxGNKS.6','suryati_suripto@yahoo.com',2,NULL,NULL,NULL,NULL),
(87,'196310131988021002','$2y$10$/qlM39euFUHO1aXL9CV0f.LeBey8ik193J7ww/W55hvU3Fjh01Hfi','dagdowi@yahoo.co.id',2,NULL,NULL,NULL,NULL),
(88,'197306131997032001','$2y$10$5D2G.hI0bsSKOSmrJ83Q5ux0WSh.HBpoL119pZ7XCT5ltPGv5eKD.','reni_chairani@yahoo.com',2,NULL,NULL,NULL,NULL),
(89,'196801111995032001','$2y$10$yp1otZdPzeQxMmZ9rpdcnuCWE3IksJu/IibJYgnyaUWmzqETef7Qa','yani_manru@yahoo.co.id',2,NULL,NULL,NULL,NULL),
(90,'196202261988032002','$2y$10$XlKE6TEoBw8agSfEk1bO0O5zlBCEgVS8RvJPsWon4lQF1rsi6PYGC','tutiany.suryana@yahoo.com',2,NULL,NULL,NULL,NULL),
(91,'196203311986032002','$2y$10$2bmiozcTkqn1tI2obUYmQ.Olz4ZbVp7FnaXXwQu2BVvL8LZS7ddhS','din_rh@yahoo.co.id',2,NULL,NULL,NULL,NULL),
(92,'196210251990031002','$2y$10$CBVOOYcdLY.ibbDbLSKonuEHe0wFaoJL5M6Nwm1Gc8LRcRzCj1lLq','py.hasibuan@gmail.com',2,NULL,NULL,NULL,NULL),
(93,'196808081994032005','$2y$10$utU7xFNLGtA337KvvFXwvOD1VBg2FlWXSVNGxiXuH9N/GroEfbRnG','agusnikarma@gmail.com',2,NULL,NULL,NULL,NULL),
(94,'195705171982122001','$2y$10$LQu0ulsrkON3mtlVlWclqefR7jU/SM1msJ9OToN1xwHCyg7CYPR8i','mumunmunigar24@yahoo.com',2,NULL,NULL,NULL,NULL),
(95,'195708161981032002','$2y$10$bvmV9c/FUYCocvV.D83qQ..GtJC/LCD0iUNIkP0bjJIabthTr46UO','ernirizal16@gmail.com',2,NULL,NULL,NULL,NULL),
(96,'196405091988032002','$2y$10$T9kQfSqDdwY2VO6g48PmB.b5N3XkIoCwZESniHPa9PyZRKXWGV.zu','itaastit@yahoo.com',2,NULL,NULL,NULL,NULL),
(97,'196111301987032001','$2y$10$8SjfKGworR0ipjlMV./opO8acHPeFsoJLlYt43A/XvgDOB7jFytZK','prihartid@yahoo.co.id',2,NULL,NULL,NULL,NULL),
(98,'196011041987102001','$2y$10$I3Ney4Sni2AGk7zDSwDIJ.kI6b4jC1um8V6mDBqckm9jVweSh2kLG','ekaanggreni@ymail.com',2,NULL,NULL,NULL,NULL),
(99,'196605301988032001','$2y$10$mG6dYNIyUzVodXZ.zukFw.bKSRlvYTeOUL2deyBXMSehcSA7QYAZq','elinalukman66@gmail.com',2,NULL,NULL,NULL,NULL),
(100,'196610131989032010','$2y$10$3MNyLPd5I/6diqnNgGZyoe1MBhKPBJtXzgyFAwCOcoUeV8/itPtJC','hnurhaeni@yahoo.com.sg',2,NULL,NULL,NULL,NULL),
(101,'197602141996032002','$2y$10$DLmtx3r9CV4ULBky0bgINOHG9KZwQPqxUMG3G7oplnXZdxjZfxc2S','nyoman.kasihani@gmail.com',2,NULL,NULL,NULL,NULL),
(102,'195610061980032002','$2y$10$CIeyuW8HQVpISK/R3tUbAu4A3Wj3OZsm3.0DDE5AU5KqSZswJ.1wu','nettyelya@yahoo.com',2,NULL,NULL,NULL,NULL),
(103,'196403221992032001','$2y$10$pNjkcD2XArOMySICCx9.aef.aFG/hdIxfjCcvNA3btwOWRE94apCW','uun_kmb2006@yahoo.com',2,NULL,NULL,NULL,NULL),
(104,'196603141993021001','$2y$10$FCRFqHPbPyJpwsuu9U4tju1pobdC.HBXtxd9Sl67/g8i8odzts5IS','jusufkristianto2000@yahoo.com',2,NULL,NULL,NULL,NULL),
(105,'195909031977112001','$2y$10$HpCwDC2k8I75ijc9XkwhV.TMp4m5ZS68ibmF6aQH6oIfefffZDlZK','13barusadelina@gmail.com',2,NULL,NULL,NULL,NULL),
(106,'196009161981102001','$2y$10$QtcVokphEGkGmOF4G5iV7OjuLg8y3J2DWCghBaOkx1kjULp66ed8K','eminisoecipto@gmail.com',2,NULL,NULL,NULL,NULL),
(107,'197202112001122001','$2y$10$P4UirVMMznUwtv3p35QTIOpWGql6qj3ipwVMJpyr778NMkXcRn8Em','fenti112@hotmail.com',2,NULL,NULL,NULL,NULL),
(108,'196309061984122001','$2y$10$7VkK8cfeFT/HchSxBSXQyuMMbtgUlX7QeubhhEvv4dS5JzexSajKO','RasumawatinurDjaya@gmail.com',2,NULL,NULL,NULL,NULL),
(109,'195609251986032002','$2y$10$NJpMbq0cvJ8jse3THhAcB.NS5BNKX0f2sf1XKydrbZsLev7CilXTC','rospahetharia@gmail.com',2,NULL,NULL,NULL,NULL),
(110,'197101241999032001','$2y$10$snGEAeTRiQdJsNK9H9phVOgtU1ysq6.Y0HnhBX.1s8yvVj4.eNOcK','nuniwk@yahoo.com',2,NULL,NULL,NULL,NULL),
(111,'196711231994032004','$2y$10$mWnve62lm2tfTOcOrxzcGe6xW1pdFFgT3EB2yCyDLuN4mAoJaDCP.','vitrinurilawaty@gmail.com',2,NULL,NULL,NULL,NULL),
(112,'195907311986032001','$2y$10$cUdy/iZRvb1C9b0ViHqbP.5l5XmOIHDv3HfZk7h1lSHkrCxYhD9Ra','elsye_fen@yahoo.co.id',2,NULL,NULL,NULL,NULL),
(113,'196604051987032002','$2y$10$rh4dVfRpUYU4pZISthjGa.h1XfWu9CmtA5artK0Fe4U3vCzZZ.JkW','ngatemi02@yahoo.com',2,NULL,NULL,NULL,NULL),
(114,'196207201989022001','$2y$10$sqDwV9Ds4gzjrCD9EepsoOanBuT7VlvwnYDNB66y9VopVIDagQjou','nita.noviani@yahoo.com',2,NULL,NULL,NULL,NULL),
(115,'196601011993032001','$2y$10$4E.AQZF6A9R6GeTMtqkzguhTyGWllRQjlkdutOMhQxBoa2.Pce0lS','sitinurbayani.tauchid@gmail.com',2,NULL,NULL,NULL,NULL),
(116,'196905191989112001','$2y$10$A4CIQ4yB59a9df5obY6r.OK3vlm52Ex8YFsulIXFqGRcShc7Ta1Ei','roro_okechoi@yahoo.com',2,NULL,NULL,NULL,NULL),
(117,'196703281991032001','$2y$10$iRA2CZHbMohc1gBT3kglQu2A2S0VgB6Kb14QP.NnPaAx3/bl3s0R2','ernimardiati@gmail.com',2,NULL,NULL,NULL,NULL),
(118,'197108281995032001','$2y$10$yheidLXhVS9tbUowKPqZVuhU/e/oxkse0J4Me88j38UZYnFz/DEhO','alice.leiwakabessy@yahoo.co.id',2,NULL,NULL,NULL,NULL),
(119,'196905271989112001','$2y$10$oRO8/xSeRU1v0vtC/eMw4.9f/GRe2vlz59N5dc9yPpwhkoxOF1xJK','indra_jkg@yahoo.co.id',2,NULL,NULL,NULL,NULL),
(120,'198012012008012007','$2y$10$Jk.D1ug4CzAGTrIxUL/2O.FzOG3pmYsLjAFnJeF0uF6lajSZMP5Bm','isronie_astutie@yahoo.com',2,NULL,NULL,NULL,NULL),
(121,'196207061988122003','$2y$10$7bd503hawEBNFGfo5Rq61ud4JOqyhj5zTCaP7VBu1jwYnF04MfqYO','iyulita67@yahoo.com',2,NULL,NULL,NULL,NULL),
(122,'198207042006042002','$2y$10$Do.YrBCBlXLVvhsDNu5jvOfR45.bU0cXuA0wroSoVg62BYlU3xcfu','nurhayatisamlawi@gmail.com',2,NULL,NULL,NULL,NULL),
(123,'197908082006042001','$2y$10$8ASAnmJFURLG7DvBVKQfkOkGT7bdZQ57DIeWglIM8MZQZ9eRc76Q.','aksarahmadani@gmail.com',2,NULL,NULL,NULL,NULL),
(124,'196909301992032001','$2y$10$xy4rBawuVOKKrYaghh7kGebDjYr8hGuOGO22AClrInrHumfpHhU0q','handayani.edi30@gmail.com',2,NULL,NULL,NULL,NULL),
(125,'198004152003122002','$2y$10$nV0MLFtQ7Yo3Erwuja2wO.zpCK2LdTbz53fzBd1DJ2pkx1iea1rE2','deviazriani70@gmail.com',2,NULL,NULL,NULL,NULL),
(126,'198007132002122002','$2y$10$YK.aSwlm8o91iu3Mw6LLQ.BHcMaKwInVk/HOAcO0hH8x35E1rR8Hy','erlinpuspita@gmail.com',2,NULL,NULL,NULL,NULL),
(127,'198004162005012001','$2y$10$z3EhnSdfh25UZ3Yfz8eiDO99wq/thAH39h5znid5499mJv2OP5VOu','ratnaaryani16@gmail.com',2,NULL,NULL,NULL,NULL),
(128,'197002091995031001','$2y$10$cpg4Y9eRlrpHKWDBvgnHAups/gGKf1KXLW2lttUC/EVxzSVrndDce','tarwoto_spp@yahoo.com',2,NULL,NULL,NULL,NULL),
(129,'195907261988032003','$2y$10$dkx40Jyfd.OC6zzUK9v14..kDgR2kViAt1VN2j7gWbKYCiY29SSXa','triya_ipk@yahoo.co.id',2,NULL,NULL,NULL,NULL),
(130,'198008262010121002','$2y$10$Nk/gECuAnakt3./egMhXp.SEIwEDlNTnGO6TzAB5yCs51GCW730Ea','obien8oke@yahoo.com',2,NULL,NULL,NULL,NULL),
(131,'196910091999032002','$2y$10$OQv0wlxQv5dByJXDGgRNHORKOGu8r78gxES3kAAAG4ruTl3MXInJa','bara.mira@yahoo.co.id',2,NULL,NULL,NULL,NULL),
(132,'197606051997032003','$2y$10$1uWnIRfRG18OKjpzV2SnNO3yVY7HeVTFSmivW4Hi398R/nnlb9ZcG','riniwidiyastuti_jkg@yahoo.com',2,NULL,NULL,NULL,NULL),
(133,'197807062012122001','$2y$10$qLgeMQOOimKDz1N4dv9jdeIpuXCr9HPDcm6ok3/PuuqiE17hoPf8C','arnisamelia@gmail.com',2,NULL,NULL,NULL,NULL),
(134,'198311032015032001','$2y$10$qB7nqaA09.NYgLxbufOVdOUZe/xWEn2nragK/vh0Le6.Ctt1XKn6S','anatasiasuci@gmail.com',2,NULL,NULL,NULL,NULL),
(135,'198606112009032002','$2y$10$RNCprxgi4eBkNYeqa/3Mner3mAWP9I2AbjqY1xrtLzgjaoOv83ogi','Fitrah.faisal@ymail.com',2,NULL,NULL,NULL,NULL),
(136,'198305262010122007','$2y$10$Jtcfm62mjzEN/qb2QXTXt.OLlajviIf5wq8ZMsW9o5eHfDSXec3eK','hastin_oke@yahoo.com',2,NULL,NULL,NULL,NULL),
(137,'197209062005011002','$2y$10$fqWUcYpjNzBag/FpwfbNneJijzGxoSPy6liO5qaGJs5ZN5hx8mfsm','yadi1972mul@gmail.com',2,NULL,NULL,NULL,NULL),
(138,'199507052020122008','$2y$10$OoKLWqwRwmTqKO8JU8LTe.57ahOZVRto2.M.Z4w3A8oqPpbIFVFbW','syifa_yulia95@yahoo.co.id',2,NULL,NULL,NULL,NULL),
(139,'199105152020122008','$2y$10$TbZpxjRxIOfD5C9ozMbxEOVwfGN2.eVIV5PW2SDAl3xVgxT2Jq.kG','husnulkhatimah916@gmail.com',2,NULL,NULL,NULL,NULL),
(140,'198807142020122004','$2y$10$aC6crDvKARKOWWB1SabXXOrqPZuo8X7h2RjlwrtM7Wolc5x8kqIVG','vinny.jeroline06@gmail.com',2,NULL,NULL,NULL,NULL),
(141,'199406302020122004','$2y$10$gEENNU/UD63TMj9AH8GO/OACIB5JpNGWYKWEpmnIOe3e1bU/Gq4x.','yunitalailaa@gmail.com',2,NULL,NULL,NULL,NULL),
(142,'198806122019022001','$2y$10$ICrvEAOJC5ySSezByr5vIO6s5pOV/lrPSuXBbFMfECj1oC2jSoeB.','megaberbintang@gmail.com',2,NULL,NULL,NULL,NULL),
(143,'919851102201902202','$2y$10$5rfTPrUWbcqqfhCH9LvgLuSyXXP40qJBoONiuczHXXWLCzizYEV0i','rositasyarifah.saman@gmail.com',2,NULL,NULL,NULL,NULL),
(144,'919921017201503101','$2y$10$zPPxCxv.Gy8jJ.sPRs2AYuLOBvyKQI7Vu6amdgfwzrQzoXOGavXta','alauddinmahfudh17@gmail.com',2,NULL,NULL,NULL,NULL),
(145,'919860125201502101','$2y$10$0P13YKcRyGqCJEMKt68JlujDHRgTbUzV01v5OgGTBYnbWHlhWoP2m','ionedpk25@yahoo.co.id',2,NULL,NULL,NULL,NULL),
(146,'199312122022032005','$2y$10$1YZMYgKyMBhLED.AWOjwjODx2sk5TXimtDDfvp2ii.ICjMvfbHNfS','ana@jspo.ac.id',2,NULL,NULL,NULL,NULL),
(147,'919930719201908201','$2y$10$37E9p8pRQJvRDwchG7dj7uvoftCxCBo.iI87TdXzpfeK8hPXRk.fi','putriameliaa79@yahoo.com',2,NULL,NULL,NULL,NULL),
(148,'919851125201502201','$2y$10$dDnxNrIEQ6R1Luf.G0bRmuoVGkQK1wZ65L/SpGjFsAYPtilgpfBIS','noviebenyal@yahoo.com',2,NULL,NULL,NULL,NULL),
(149,'919810604201502101','$2y$10$c56xqy7JhTa824sad02OVuA6CGvVWHdqEBc0aUNkPwVqA1EXIFaYG','achmadsy4rif@gmail.com',2,NULL,NULL,NULL,NULL),
(150,'919920109201801101','$2y$10$TntgiOt65VoNwMHTFwGtw.qmqaR8/zoQIMF9YJGxsSyyvKIwDAOZW','Loetfie09@gmail.com',2,NULL,NULL,NULL,NULL),
(151,'919950710201901201','$2y$10$X4kwcrvk3DzSKgdrioB92eEPWmq2AqyNSFlNRaDXxAQUZSKq.D0ja','miftakhularifah95@gmail.com',2,NULL,NULL,NULL,NULL),
(152,'919841110201912101','$2y$10$/gKzNcWAOks0wZHlwKMEtuWMZDUV44XAXBVmdem6a86f5X8dPmxPq','zakwidy776@gmail.com',2,NULL,NULL,NULL,NULL),
(153,'919810806201910101','$2y$10$NfcYD5yQb3fJviuCSBnZyOxJOtYUVk.dKUuKgBzcb6aBF.ELnKBKq','agussujatmiko244@gmail.com',2,NULL,NULL,NULL,NULL),
(154,'919930326201902101','$2y$10$u4NRTTLOgd5Zh.lb8IFBzuUXFaDgZiL05IlgJqztr1oVFaBQJcuFC','firmansyah.andini09@gmail.com',2,NULL,NULL,NULL,NULL),
(155,'919900808201201201','$2y$10$G293jESbk/OHQWHYyFAOMu4pteivH5J8XddRM65mLFutxMNxrvWx2','frisky.aljufri@gmail.com',2,NULL,NULL,NULL,NULL),
(156,'919861013201901101','$2y$10$rgJOyApz0hm9CSyP2rZAG.3NsOUtUaoJblQhNC/pybZ1tRWoOV9FK','samsonmerarie@gmail.com',2,NULL,NULL,NULL,NULL),
(157,'919720817201809101','$2y$10$7HCHI5GTc1tZM0gPpsz4zOheMBMEhKxT9i0ibJkxrRCUAYQam35SG','raykapoor97@gmail.com',2,NULL,NULL,NULL,NULL),
(158,'919900303201409101','$2y$10$kuwHNai0zmaAoy.97BZ35.jbesKgFlojFlqP6pUBw8Oo2LJ1vuxqu','yayan9010@gmail.com',2,NULL,NULL,NULL,NULL),
(159,'919811022201809101','$2y$10$aCNZj2E5YveRrwsT.pQwweF3KUW0/8y9xIQG/dyrPjkHC3QPzu63u','riki221081@gmail.com',2,NULL,NULL,NULL,NULL),
(160,'919650604201408201','$2y$10$94OFZDO0Gb.gcEe7GvvcS.56pYZPGMQu9Gp4dDOuL9IAhNgJ78Ge2','triastutih72@gmail.com',2,NULL,NULL,NULL,NULL),
(161,'919901122201708101','$2y$10$f.v0BiZZ0.9Eo51ppzvxXuXDqYupt3NwITx0k9rdeDRnW1gblSzmW','golemblues1990@gmail.com',2,NULL,NULL,NULL,NULL),
(162,'919860213201008101','$2y$10$gCRibFkHbcKyYdIErvWrCOYUd3Q9Iq4FwfdhATS42RFt/cO8Dc1wu','nnsuwelo4@gmail.com',2,NULL,NULL,NULL,NULL),
(163,'920190210201911201','$2y$10$LZY7xICPlbdpRKaHtyJkHeKeAJV/wQ4XiwD9Om/AenV69Vow4eL2O','sitimaesarohsm5247741@gmail.com',2,NULL,NULL,NULL,NULL),
(164,'919700320200609201','$2y$10$FGZo4M5bT3gaVfgOGbuX.ef.PDzYseitxaj7agupnXCprmgBaxqy2','fatimahtitin689@gmail.com',2,NULL,NULL,NULL,NULL),
(165,'919810113201602201','$2y$10$aj0XYbj8of1karLU68ZnoOic7b9t23K86LSpp3Mcv.299McCeh0fy','vera_sdh@yahoo.co.id',2,NULL,NULL,NULL,NULL),
(166,'919870917201902201','$2y$10$cLC2wQM4AK.IuTHJNHmxMuStQ1rdq6GBujmxUo.bodd98ya4WHN0C','nurullidya03@gmail.com',2,NULL,NULL,NULL,NULL),
(167,'919811206201902201','$2y$10$7YN73N8l/a26yGxZVxC9Q.Na1VQ874ry9UDAoNq6MMTv2RvvKTwCu','anizasagita@gmail.com',2,NULL,NULL,NULL,NULL),
(168,'919780610201606201','$2y$10$5sW2zxZj.6IXpiXM07fSRO7egTkKs6Nfa32Aka8aE7tGliAS9NW86','triyunitayunita2@gmail.com',2,NULL,NULL,NULL,NULL),
(169,'919951224201903004','$2y$10$m2as8v/AyUto.lN6f7KpGuBTOGI7IylHoNfuy57txXCb8U88YaYx6','bekthipramudya95@gmail.com',2,NULL,NULL,NULL,NULL),
(170,'919870514201802009','$2y$10$rYVbQ5RU.AuTp08e6coAN.01iWoWJS9clzkYDu9u0zKb3MRk0K.Dq','marlina.endahdian@gmail.com',2,NULL,NULL,NULL,NULL),
(171,'919980515201903007','$2y$10$xEaRL8/XF75JgV4cOupKTeZF/DSzjF.t2cI3/prdkDCEjLjoiaVya','rifkifanan16@gmail.com',2,NULL,NULL,NULL,NULL),
(172,'919970711201903005','$2y$10$9fRgVhpU1qAysgJz/LouFu5UinqZAY1jrWdImZt.3Up8PSgWrY8Wy','nurdwiys@gmail.com',2,NULL,NULL,NULL,NULL),
(173,'919980114201903008','$2y$10$VOyUEnITp1XSLsHYmZeVWOuYTRzTte9euP6O23QiL7rt8saNGvPKi','pinasthisakanthi@gmail.com',2,NULL,NULL,NULL,NULL),
(174,'919780630202001101','$2y$10$mF01vKDyXbBx2aK3OPsNre5S2IEyy.kPp.ZaKorHGdlCI.tP0U75G','wiwik78privat@gmail.com',2,NULL,NULL,NULL,NULL),
(175,'919971021202114002','$2y$10$/cKSh2Xk9Q39HqT16J3kAuxdyT0kYQfbAeAnaDsY8S3CBFbMIwPKi','nurulje@gmail.com',2,NULL,NULL,NULL,NULL),
(176,'919791106202114001','$2y$10$c3iFCqR6rmZM6DxkSF1IzOdPA32qc8WkA03YY6FrzX0.AfSNScE0S','triendahpangastuti@gmail.com',2,NULL,NULL,NULL,NULL),
(177,'199610182022031002','$2y$10$g4i0Awxr7SdQKIYun5yjNeFJEoHIGsasJsPsqrkseR9iEx4IALrUO','dwisetiadi11@gmail.com',2,NULL,NULL,NULL,NULL),
(178,'919970516202114003','$2y$10$Yg/LeMTrgEuIq1iumzTN6OBUT7Nb.0mvc3eooZTqZ06xmmFWWZRVK','alviantipratiwip@gmail.com',2,NULL,NULL,NULL,NULL),
(179,'919990423202124008','$2y$10$MFRVfJDuFAP.wwT/r/PvzO4hbWEvygwVD6/CG6lHhv/sscENcdJZ6','uswatulchasanah05@gmail.com',2,NULL,NULL,NULL,NULL),
(181,'196404041986032005','$2y$10$/hMDVFp3R78xg57mp2RX3.b/4BTKL2BOWuyJrXsuaG453Y5ijrv9G','tutty.aprianti@yahoo.com',2,NULL,NULL,NULL,NULL),
(186,'199001112015031004','$2y$10$p.HaoAuHbP0LECTVSnZCQelSQ3Ddb6NPpJjbUq0aY8QBEpmYlKarG','gheo_ad@rocketmail.com',2,NULL,NULL,NULL,NULL),
(187,'198008282009122001','$2y$10$DI9m1Tls9wQ25qnaKzvCweGusHJ.sQ3tUWXsxVkoLpC395ASWq.0y','kumpanji2004@gmail.com',2,NULL,NULL,NULL,NULL),
(188,'199303062022032001','$2y$10$btEXrljj6PqbLUdnRI2os./B5uqB8Vw8/lkW/MHUs7knT2TvGpG7G','yettymarianitambun@poltekkesjakarta1.ac.id',2,NULL,NULL,NULL,NULL),
(189,'199507202022032003','$2y$10$L2.Z6/MBnXJzoW2SErX3puZ4jaGI.96wlTevcN0QDd48OqCNKT62W','auliyahidayati@poltekkesjakarta1.ac.id',2,NULL,NULL,NULL,NULL),
(190,'199408242022032007','$2y$10$bRz7Gv0n9TOkudf/MXQWk.oPcBkXMIZFEuxTXuL/9pnv8hiWlLFcW','dekapramudita@poltekkesjakarta1.ac.id',2,NULL,NULL,NULL,NULL),
(191,'196212211986032003','$2y$10$1hxQmfis9DTw356SzOtzBufERGC.CJqAEdNYnL0Ag8WU1FjFrXMCa','ultydesmarnita@poltekkesjakarta1.ac.id',2,NULL,NULL,NULL,NULL),
(192,'919970710202204101','$2y$10$O50uq6jwvTsuMSaHCsEVi.SDP2qkQqLN8KHGp/iOpjP3Ts.AT9IrO','muhammad_itikap@poltekkesjakarta1.ac.id',2,NULL,NULL,NULL,NULL),
(193,'199112082022066015','$2y$10$AXV7VFUuQIHCEBKGtR86g.G6sXF2F/i1v.Ou5iZtH/kH7kbOo996.','lalalukmanhakim@gmail.com',2,NULL,NULL,NULL,NULL),
(194,'199808092022066014','$2y$10$ctLVpLs1h3Swb1xhSJc.3.PY5pWtUBfYXOgYoBzOv4YWqWktM4jya','feryanchalid406@gmail.com',2,NULL,NULL,NULL,NULL),
(195,'196112141988111001','$2y$10$TGgXZ.sWRhlFci9TZQxSZO82C8g2bXsWfiHh.Q89PG09m9qa3zeci','Abdullah@gmail.com',2,NULL,NULL,NULL,NULL),
(196,'101','$2y$10$AmAUQQYDkUinypo66MApHOoZuKGFRhE1EHXzufh4Z/QV.AuHpcyNS',NULL,1,NULL,NULL,NULL,NULL),
(197,'102','$2y$10$G8zKkxRc70Ry5pdrKRJhPempPoVf2vwvddWdiGXyWJVvD7qDj/EnC','user@user.ac.id',2,'',NULL,NULL,NULL),
(198,'103','$2y$10$OKJQ9fs5P9MXGxGOepzWNOhfO6ZWMrMYsW/U.TTCEFDT3hV2oZsBG','dhika@gmail.com',2,'3',NULL,NULL,NULL);

/*!40101 SET SQL_MODE=@OLD_SQL_MODE */;
/*!40014 SET UNIQUE_CHECKS=@OLD_UNIQUE_CHECKS */;
/*!40111 SET SQL_NOTES=@OLD_SQL_NOTES */;
